class,trial,target,detect_ms,recover_ms,path
kill9,1,controller,1.326,216.506,DETECT_SIGCHLD
kill9,2,logger,1.457,219.684,DETECT_SIGCHLD
kill9,3,plant,1.296,214.915,DETECT_SIGCHLD
kill9,4,controller,1.396,217.925,DETECT_SIGCHLD
kill9,5,logger,1.400,219.936,DETECT_SIGCHLD
kill9,6,plant,1.354,213.097,DETECT_SIGCHLD
kill9,7,controller,1.343,217.004,DETECT_SIGCHLD
kill9,8,logger,1.405,219.654,DETECT_SIGCHLD
kill9,9,plant,1.416,212.300,DETECT_SIGCHLD
kill9,10,controller,1.345,216.324,DETECT_SIGCHLD
kill9,11,logger,1.354,219.011,DETECT_SIGCHLD
kill9,12,plant,1.399,212.177,DETECT_SIGCHLD
kill9,13,controller,1.360,216.903,DETECT_SIGCHLD
kill9,14,logger,1.354,219.248,DETECT_SIGCHLD
kill9,15,plant,1.416,212.235,DETECT_SIGCHLD
kill9,16,controller,1.336,214.796,DETECT_SIGCHLD
kill9,17,logger,1.357,217.457,DETECT_SIGCHLD
kill9,18,plant,1.414,220.209,DETECT_SIGCHLD
kill9,19,controller,1.389,219.679,DETECT_SIGCHLD
kill9,20,logger,1.398,212.452,DETECT_SIGCHLD
kill9,21,plant,1.340,216.894,DETECT_SIGCHLD
kill9,22,controller,1.389,219.605,DETECT_SIGCHLD
kill9,23,logger,1.422,212.046,DETECT_SIGCHLD
kill9,24,plant,1.368,214.299,DETECT_SIGCHLD
kill9,25,controller,1.334,217.272,DETECT_SIGCHLD
kill9,26,logger,1.398,214.641,DETECT_SIGCHLD
kill9,27,plant,1.347,217.549,DETECT_SIGCHLD
kill9,28,controller,1.339,219.755,DETECT_SIGCHLD
kill9,29,logger,1.366,221.309,DETECT_SIGCHLD
kill9,30,plant,1.366,213.724,DETECT_SIGCHLD
kill9,31,controller,1.357,217.294,DETECT_SIGCHLD
kill9,32,logger,1.322,219.507,DETECT_SIGCHLD
kill9,33,plant,1.358,219.137,DETECT_SIGCHLD
kill9,34,controller,1.322,220.996,DETECT_SIGCHLD
kill9,35,logger,1.397,213.871,DETECT_SIGCHLD
kill9,36,plant,1.345,217.495,DETECT_SIGCHLD
kill9,37,controller,1.335,220.100,DETECT_SIGCHLD
kill9,38,logger,1.343,212.618,DETECT_SIGCHLD
kill9,39,plant,1.408,216.352,DETECT_SIGCHLD
kill9,40,controller,1.323,218.796,DETECT_SIGCHLD
kill9,41,logger,1.320,220.020,DETECT_SIGCHLD
kill9,42,plant,1.352,212.329,DETECT_SIGCHLD
kill9,43,controller,1.355,213.506,DETECT_SIGCHLD
kill9,44,logger,1.394,216.746,DETECT_SIGCHLD
kill9,45,plant,1.373,219.353,DETECT_SIGCHLD
kill9,46,controller,1.364,211.667,DETECT_SIGCHLD
kill9,47,logger,1.405,218.479,DETECT_SIGCHLD
kill9,48,plant,1.387,220.736,DETECT_SIGCHLD
kill9,49,controller,1.362,213.561,DETECT_SIGCHLD
kill9,50,logger,1.359,216.839,DETECT_SIGCHLD
kill9,51,plant,1.350,218.969,DETECT_SIGCHLD
kill9,52,controller,1.329,220.217,DETECT_SIGCHLD
kill9,53,logger,1.364,212.317,DETECT_SIGCHLD
kill9,54,plant,1.409,212.041,DETECT_SIGCHLD
kill9,55,controller,1.352,214.816,DETECT_SIGCHLD
kill9,56,logger,1.387,217.861,DETECT_SIGCHLD
kill9,57,plant,1.425,220.209,DETECT_SIGCHLD
kill9,58,controller,1.370,221.011,DETECT_SIGCHLD
kill9,59,logger,1.409,213.807,DETECT_SIGCHLD
kill9,60,plant,1.347,217.411,DETECT_SIGCHLD
kill9,61,controller,1.698,212.289,DETECT_SIGCHLD
kill9,62,logger,1.412,213.697,DETECT_SIGCHLD
kill9,63,plant,1.350,217.436,DETECT_SIGCHLD
kill9,64,controller,1.345,219.432,DETECT_SIGCHLD
kill9,65,logger,1.335,211.563,DETECT_SIGCHLD
kill9,66,plant,1.381,213.058,DETECT_SIGCHLD
kill9,67,controller,1.359,214.661,DETECT_SIGCHLD
kill9,68,logger,1.388,216.702,DETECT_SIGCHLD
kill9,69,plant,1.337,219.532,DETECT_SIGCHLD
kill9,70,controller,1.358,212.671,DETECT_SIGCHLD
kill9,71,logger,1.407,214.281,DETECT_SIGCHLD
kill9,72,plant,1.342,217.671,DETECT_SIGCHLD
kill9,73,controller,1.343,220.312,DETECT_SIGCHLD
kill9,74,logger,1.370,211.693,DETECT_SIGCHLD
kill9,75,plant,1.350,213.791,DETECT_SIGCHLD
kill9,76,controller,1.346,216.600,DETECT_SIGCHLD
kill9,77,logger,1.346,219.054,DETECT_SIGCHLD
kill9,78,plant,1.418,212.398,DETECT_SIGCHLD
kill9,79,controller,1.350,215.107,DETECT_SIGCHLD
kill9,80,logger,1.422,217.679,DETECT_SIGCHLD
kill9,81,plant,1.383,219.767,DETECT_SIGCHLD
kill9,82,controller,1.704,214.148,DETECT_SIGCHLD
kill9,83,logger,1.399,214.560,DETECT_SIGCHLD
kill9,84,plant,1.350,217.741,DETECT_SIGCHLD
kill9,85,controller,1.337,220.296,DETECT_SIGCHLD
kill9,86,logger,1.450,213.792,DETECT_SIGCHLD
kill9,87,plant,1.355,217.878,DETECT_SIGCHLD
kill9,88,controller,1.345,220.374,DETECT_SIGCHLD
kill9,89,logger,1.404,214.435,DETECT_SIGCHLD
kill9,90,plant,1.386,216.405,DETECT_SIGCHLD
kill9,91,controller,1.319,219.182,DETECT_SIGCHLD
kill9,92,logger,1.415,220.909,DETECT_SIGCHLD
kill9,93,plant,1.337,213.498,DETECT_SIGCHLD
kill9,94,controller,1.344,217.267,DETECT_SIGCHLD
kill9,95,logger,1.352,219.369,DETECT_SIGCHLD
kill9,96,plant,1.413,211.966,DETECT_SIGCHLD
kill9,97,controller,1.329,213.672,DETECT_SIGCHLD
kill9,98,logger,1.370,216.600,DETECT_SIGCHLD
kill9,99,plant,1.321,219.470,DETECT_SIGCHLD
kill9,100,controller,1.407,212.003,DETECT_SIGCHLD
stop,1,controller,98.512,308.507,DETECT_DEADLINE
stop,2,logger,44.632,254.636,DETECT_DEADLINE
stop,3,plant,50.600,260.604,DETECT_DEADLINE
stop,4,controller,64.909,284.900,DETECT_DEADLINE
stop,5,logger,40.428,250.436,DETECT_DEADLINE
stop,6,plant,44.044,254.035,DETECT_DEADLINE
stop,7,controller,68.553,288.564,DETECT_DEADLINE
stop,8,logger,49.834,269.907,DETECT_DEADLINE
stop,9,plant,54.514,264.537,DETECT_DEADLINE
stop,10,controller,87.789,297.856,DETECT_DEADLINE
stop,11,logger,52.410,262.425,DETECT_DEADLINE
stop,12,plant,46.631,256.630,DETECT_DEADLINE
stop,13,controller,80.598,290.602,DETECT_DEADLINE
stop,14,logger,45.093,255.104,DETECT_DEADLINE
stop,15,plant,6.697,226.679,DETECT_DEADLINE
stop,16,controller,69.801,279.819,DETECT_DEADLINE
stop,17,logger,33.720,253.755,DETECT_DEADLINE
stop,18,plant,33.977,244.038,DETECT_DEADLINE
stop,19,controller,57.779,277.843,DETECT_DEADLINE
stop,20,logger,31.151,241.232,DETECT_DEADLINE
stop,21,plant,54.037,264.148,DETECT_DEADLINE
stop,22,controller,33.806,243.864,DETECT_DEADLINE
stop,23,logger,26.532,236.562,DETECT_DEADLINE
stop,24,plant,49.718,269.782,DETECT_DEADLINE
stop,25,controller,82.855,292.880,DETECT_DEADLINE
stop,26,logger,46.412,256.422,DETECT_DEADLINE
stop,27,plant,49.860,269.910,DETECT_DEADLINE
stop,28,controller,73.625,293.658,DETECT_DEADLINE
stop,29,logger,65.073,285.075,DETECT_DEADLINE
stop,30,plant,47.712,267.707,DETECT_DEADLINE
stop,31,controller,71.590,291.561,DETECT_DEADLINE
stop,32,logger,36.642,256.609,DETECT_DEADLINE
stop,33,plant,51.302,261.302,DETECT_DEADLINE
stop,34,controller,75.991,286.000,DETECT_DEADLINE
stop,35,logger,40.825,260.833,DETECT_DEADLINE
stop,36,plant,85.582,305.639,DETECT_DEADLINE
stop,37,controller,50.695,270.759,DETECT_DEADLINE
stop,38,logger,52.840,262.865,DETECT_DEADLINE
stop,39,plant,57.572,277.609,DETECT_DEADLINE
stop,40,controller,52.107,262.128,DETECT_DEADLINE
stop,41,logger,46.531,256.508,DETECT_DEADLINE
stop,42,plant,61.061,271.194,DETECT_DEADLINE
stop,43,controller,16.983,226.976,DETECT_DEADLINE
stop,44,logger,40.537,250.524,DETECT_DEADLINE
stop,45,plant,54.416,264.444,DETECT_DEADLINE
stop,46,controller,69.226,279.217,DETECT_DEADLINE
stop,47,logger,33.124,253.161,DETECT_DEADLINE
stop,48,plant,47.713,257.713,DETECT_DEADLINE
stop,49,controller,62.469,272.529,DETECT_DEADLINE
stop,50,logger,74.664,284.649,DETECT_DEADLINE
stop,51,plant,50.150,260.155,DETECT_DEADLINE
stop,52,controller,64.607,284.616,DETECT_DEADLINE
stop,53,logger,40.009,250.022,DETECT_DEADLINE
stop,54,plant,43.528,263.492,DETECT_DEADLINE
stop,55,controller,68.156,288.100,DETECT_DEADLINE
stop,56,logger,33.337,243.418,DETECT_DEADLINE
stop,57,plant,83.841,293.867,DETECT_DEADLINE
stop,58,controller,79.376,299.429,DETECT_DEADLINE
stop,59,logger,33.807,253.834,DETECT_DEADLINE
stop,60,plant,48.168,258.151,DETECT_DEADLINE
stop,61,controller,82.273,292.289,DETECT_DEADLINE
stop,62,logger,36.015,256.016,DETECT_DEADLINE
stop,63,plant,41.298,251.292,DETECT_DEADLINE
stop,64,controller,13.822,233.789,DETECT_DEADLINE
stop,65,logger,36.638,256.598,DETECT_DEADLINE
stop,66,plant,31.621,251.670,DETECT_DEADLINE
stop,67,controller,76.178,286.170,DETECT_DEADLINE
stop,68,logger,41.396,251.397,DETECT_DEADLINE
stop,69,plant,35.088,245.145,DETECT_DEADLINE
stop,70,controller,68.288,288.307,DETECT_DEADLINE
stop,71,logger,44.901,254.876,DETECT_DEADLINE
stop,72,plant,38.863,258.816,DETECT_DEADLINE
stop,73,controller,83.261,293.289,DETECT_DEADLINE
stop,74,logger,37.123,257.071,DETECT_DEADLINE
stop,75,plant,41.585,251.590,DETECT_DEADLINE
stop,76,controller,75.096,285.082,DETECT_DEADLINE
stop,77,logger,38.588,258.620,DETECT_DEADLINE
stop,78,plant,79.585,289.585,DETECT_DEADLINE
stop,79,controller,82.357,292.373,DETECT_DEADLINE
stop,80,logger,56.545,276.587,DETECT_DEADLINE
stop,81,plant,10.311,220.287,DETECT_DEADLINE
stop,82,controller,73.641,283.621,DETECT_DEADLINE
stop,83,logger,59.085,279.120,DETECT_DEADLINE
stop,84,plant,102.954,322.973,DETECT_DEADLINE
stop,85,controller,94.579,314.551,DETECT_DEADLINE
stop,86,logger,61.037,281.087,DETECT_DEADLINE
stop,87,plant,6.538,226.535,DETECT_DEADLINE
stop,88,controller,71.113,281.105,DETECT_DEADLINE
stop,89,logger,65.511,285.488,DETECT_DEADLINE
stop,90,plant,11.387,221.368,DETECT_DEADLINE
stop,91,controller,63.984,274.067,DETECT_DEADLINE
stop,92,logger,105.003,314.991,DETECT_DEADLINE
stop,93,plant,12.446,222.437,DETECT_DEADLINE
stop,94,controller,65.704,285.698,DETECT_DEADLINE
stop,95,logger,70.969,280.959,DETECT_DEADLINE
stop,96,plant,5.683,225.691,DETECT_DEADLINE
stop,97,controller,69.849,279.841,DETECT_DEADLINE
stop,98,logger,63.938,274.054,DETECT_DEADLINE
stop,99,plant,77.518,287.517,DETECT_DEADLINE
stop,100,controller,72.867,292.821,DETECT_DEADLINE
stall,1,controller,37.248,257.204,DETECT_DEADLINE
stall,2,logger,44.056,254.026,DETECT_DEADLINE
stall,3,plant,50.218,270.272,DETECT_DEADLINE
stall,4,controller,87.569,297.653,DETECT_DEADLINE
stall,5,logger,54.624,264.649,DETECT_DEADLINE
stall,6,plant,71.532,291.505,DETECT_DEADLINE
stall,7,controller,58.783,268.883,DETECT_DEADLINE
stall,8,logger,54.977,265.000,DETECT_DEADLINE
stall,9,plant,80.949,290.965,DETECT_DEADLINE
stall,10,controller,58.529,268.645,DETECT_DEADLINE
stall,11,logger,62.702,272.750,DETECT_DEADLINE
stall,12,plant,58.479,278.514,DETECT_DEADLINE
stall,13,controller,34.740,244.799,DETECT_DEADLINE
stall,14,logger,29.293,239.385,DETECT_DEADLINE
stall,15,plant,94.672,314.647,DETECT_DEADLINE
stall,16,controller,32.792,242.857,DETECT_DEADLINE
stall,17,logger,27.470,237.569,DETECT_DEADLINE
stall,18,plant,38.305,258.255,DETECT_DEADLINE
stall,19,controller,23.666,233.694,DETECT_DEADLINE
stall,20,logger,48.466,268.509,DETECT_DEADLINE
stall,21,plant,104.544,314.522,DETECT_DEADLINE
stall,22,controller,22.090,242.107,DETECT_DEADLINE
stall,23,logger,27.963,248.015,DETECT_DEADLINE
stall,24,plant,71.758,291.804,DETECT_DEADLINE
stall,25,controller,94.582,314.562,DETECT_DEADLINE
stall,26,logger,41.654,251.641,DETECT_DEADLINE
stall,27,plant,86.683,296.711,DETECT_DEADLINE
stall,28,controller,42.050,252.045,DETECT_DEADLINE
stall,29,logger,36.637,256.552,DETECT_DEADLINE
stall,30,plant,82.653,292.676,DETECT_DEADLINE
stall,31,controller,39.743,259.742,DETECT_DEADLINE
stall,32,logger,58.442,278.487,DETECT_DEADLINE
stall,33,plant,63.529,273.590,DETECT_DEADLINE
stall,34,controller,29.224,239.301,DETECT_DEADLINE
stall,35,logger,63.682,273.740,DETECT_DEADLINE
stall,36,plant,59.029,269.129,DETECT_DEADLINE
stall,37,controller,54.483,264.510,DETECT_DEADLINE
stall,38,logger,60.066,270.139,DETECT_DEADLINE
stall,39,plant,94.911,314.843,DETECT_DEADLINE
stall,40,controller,32.923,252.973,DETECT_DEADLINE
stall,41,logger,37.128,257.087,DETECT_DEADLINE
stall,42,plant,72.608,282.580,DETECT_DEADLINE
stall,43,controller,38.875,258.811,DETECT_DEADLINE
stall,44,logger,44.231,254.234,DETECT_DEADLINE
stall,45,plant,70.120,280.161,DETECT_DEADLINE
stall,46,controller,82.067,292.082,DETECT_DEADLINE
stall,47,logger,48.125,258.113,DETECT_DEADLINE
stall,48,plant,73.614,283.582,DETECT_DEADLINE
stall,49,controller,49.673,259.662,DETECT_DEADLINE
stall,50,logger,44.223,254.219,DETECT_DEADLINE
stall,51,plant,69.593,279.588,DETECT_DEADLINE
stall,52,controller,45.020,255.036,DETECT_DEADLINE
stall,53,logger,75.864,285.851,DETECT_DEADLINE
stall,54,plant,72.475,292.433,DETECT_DEADLINE
stall,55,controller,48.264,258.250,DETECT_DEADLINE
stall,56,logger,42.803,262.775,DETECT_DEADLINE
stall,57,plant,78.154,288.153,DETECT_DEADLINE
stall,58,controller,44.392,254.390,DETECT_DEADLINE
stall,59,logger,49.168,269.210,DETECT_DEADLINE
stall,60,plant,9.652,229.590,DETECT_DEADLINE
stall,61,controller,34.706,244.763,DETECT_DEADLINE
stall,62,logger,49.359,269.424,DETECT_DEADLINE
stall,63,plant,75.428,295.457,DETECT_DEADLINE
stall,64,controller,31.786,251.820,DETECT_DEADLINE
stall,65,logger,56.720,276.780,DETECT_DEADLINE
stall,66,plant,51.237,271.275,DETECT_DEADLINE
stall,67,controller,47.379,257.378,DETECT_DEADLINE
stall,68,logger,72.074,292.037,DETECT_DEADLINE
stall,69,plant,69.375,279.353,DETECT_DEADLINE
stall,70,controller,14.746,234.696,DETECT_DEADLINE
stall,71,logger,78.538,288.539,DETECT_DEADLINE
stall,72,plant,64.375,284.390,DETECT_DEADLINE
stall,73,controller,20.387,240.468,DETECT_DEADLINE
stall,74,logger,83.880,293.904,DETECT_DEADLINE
stall,75,plant,80.740,290.753,DETECT_DEADLINE
stall,76,controller,37.381,257.336,DETECT_DEADLINE
stall,77,logger,51.776,261.775,DETECT_DEADLINE
stall,78,plant,76.722,296.754,DETECT_DEADLINE
stall,79,controller,43.085,263.046,DETECT_DEADLINE
stall,80,logger,48.424,268.508,DETECT_DEADLINE
stall,81,plant,89.062,309.097,DETECT_DEADLINE
stall,82,controller,24.307,234.334,DETECT_DEADLINE
stall,83,logger,58.026,278.089,DETECT_DEADLINE
stall,84,plant,62.595,282.621,DETECT_DEADLINE
stall,85,controller,18.612,228.598,DETECT_DEADLINE
stall,86,logger,62.422,272.473,DETECT_DEADLINE
stall,87,plant,68.470,288.469,DETECT_DEADLINE
stall,88,controller,31.518,241.602,DETECT_DEADLINE
stall,89,logger,46.640,256.651,DETECT_DEADLINE
stall,90,plant,91.387,301.458,DETECT_DEADLINE
stall,91,controller,96.996,316.945,DETECT_DEADLINE
stall,92,logger,52.294,262.310,DETECT_DEADLINE
stall,93,plant,96.775,316.721,DETECT_DEADLINE
stall,94,controller,13.303,233.302,DETECT_DEADLINE
stall,95,logger,90.717,310.744,DETECT_DEADLINE
stall,96,plant,86.105,296.130,DETECT_DEADLINE
stall,97,controller,31.319,251.347,DETECT_DEADLINE
stall,98,logger,34.620,244.675,DETECT_DEADLINE
stall,99,plant,77.778,287.777,DETECT_DEADLINE
stall,100,controller,33.082,253.128,DETECT_DEADLINE
